SET NAMES 'utf8';
USE seinfo;

SET FOREIGN_KEY_CHECKS = 0;
TRUNCATE TABLE protagonista;
TRUNCATE TABLE organizacao;
TRUNCATE TABLE eventoimagem;
TRUNCATE TABLE agendamentoAtividade;
TRUNCATE TABLE carrossel;
TRUNCATE TABLE imagem;
TRUNCATE TABLE lote;
TRUNCATE TABLE receitaInscricaoEvento;
TRUNCATE TABLE receita;
TRUNCATE TABLE despesa;
TRUNCATE TABLE participaAtividade;
TRUNCATE TABLE receitaInscricaoAtividade;
TRUNCATE TABLE inscricaoAtividade;
TRUNCATE TABLE inscricaoEvento;
TRUNCATE TABLE atividade;
TRUNCATE TABLE categoria;
TRUNCATE TABLE evento;
TRUNCATE TABLE agenda;
TRUNCATE TABLE pessoa;
SET FOREIGN_KEY_CHECKS = 1;

INSERT INTO agenda(idAgenda, dataHoraInicio, dataHoraFim, local) VALUES
(1, '2020-04-15 09:37:12', '2020-04-22 14:53:25.367923', '240 Hidden Front Way'),
(2, '2020-08-15 05:38:28', '2020-08-17 18:55:26.234103', '2948 Stonewood Pkwy'),
(3, '2020-07-18 20:04:59', '2020-07-25 22:10:56.398023', '44 West Church Ct'),
(4, '2020-09-19 03:40:49', '2020-09-21 08:30:39.786545', '3778 Edgewood Highway'),
(5, '2020-07-24 05:47:39', '2020-07-26 13:25:22.025586', '12 1st Circle'),
(6, '2020-08-28 17:12:14', '2020-09-04 07:56:03.621901', '3570 Flintwood Parkway'),
(7, '2020-10-30 16:40:48', '2020-11-04 17:12:06.722894', '1790 SW Church Avenue'),
(8, '2020-05-26 19:15:14', '2020-06-03 06:42:53.03355', '2014 Social Road'),
(9, '2020-04-15 09:31:03', '2020-04-18 01:24:42.059907', '34 Riddle Hill Pkwy'),
(10, '2020-10-14 01:32:17', '2020-10-18 20:09:12.267882', '65 Waterview Avenue'),
(11, '2020-10-05 23:52:46', '2020-10-12 09:24:05.201111', '3760 West Social Parkway'),
(12, '2020-04-15 09:30:04', '2020-04-20 06:56:58.31756', '1254 New Cedar Tree Rd'),
(13, '2020-06-22 12:29:32', '2020-06-30 08:03:08.937488', '2354 N Cedar Tree Hwy'),
(14, '2020-04-15 09:30:00', '2020-04-21 15:20:26.395436', '95 North Church Road'),
(15, '2020-08-27 01:33:40', '2020-08-27 16:27:39.725306', '47 W Ashwood Avenue'),
(16, '2020-04-26 13:45:11', '2020-04-28 01:56:22.137794', '2455 Buttonwood Ln'),
(17, '2020-10-09 23:47:07', '2020-10-13 12:03:54.659023', '10 Social Lane'),
(18, '2020-04-15 09:45:41', '2020-04-20 21:59:42.173325', '633 New Parkwood St'),
(19, '2020-04-20 11:01:00', '2020-04-27 03:16:53.920548', '2762 Buttonwood Road'),
(20, '2020-04-15 09:31:22', '2020-04-19 02:24:34.140576', '1027 NW Ashwood Cir'),
(21, '2020-07-20 22:30:05', '2020-07-27 16:02:50.019311', '38 South Mount Highway'),
(22, '2020-09-20 11:17:18', '2020-09-23 10:55:18.206923', '2795 East Lake Ct'),
(23, '2020-08-18 02:52:00', '2020-08-24 17:35:46.759075', '1063 SW Hope Pkwy'),
(24, '2020-06-16 04:40:15', '2020-06-16 22:47:44.436146', '3172 Deepwood Blvd'),
(25, '2020-04-15 09:35:12', '2020-04-19 01:36:17.294872', '582 Rushwood Court'),
(26, '2020-07-13 06:50:48', '2020-07-18 19:54:58.840335', '994 SW Glenwood Parkway'),
(27, '2020-06-10 22:38:45', '2020-06-17 21:56:38.737312', '1136 SW Ashwood St'),
(28, '2020-04-15 09:31:27', '2020-04-17 13:04:18.106302', '36 NE Hunting Hill Way'),
(29, '2020-07-08 00:23:50', '2020-07-08 20:10:30.753539', '105 Old Deepwood Lane'),
(30, '2020-04-15 09:31:37', '2020-04-21 07:45:48.104326', '777 Pine Tree Pkwy'),
(31, '2020-11-12 09:50:56', '2020-11-16 19:07:36.556718', '75 Riverside Rd'),
(32, '2020-08-04 04:12:47', '2020-08-06 12:44:31.763213', '3474 New Farmview St'),
(33, '2020-10-18 19:51:49', '2020-10-19 10:38:16.860289', '255 Edgewood Street'),
(34, '2020-04-15 10:30:17', '2020-04-21 08:04:35.906149', '71 Buttonwood Way'),
(35, '2020-09-17 04:52:11', '2020-09-19 20:37:44.386337', '2049 North Chapel Hill Street'),
(36, '2020-08-22 20:22:34', '2020-08-25 10:07:27.489086', '81 Old Mountain Ln'),
(37, '2020-05-27 19:06:03', '2020-05-30 04:07:55.82475', '476 Rushwood Pkwy'),
(38, '2020-07-27 19:58:01', '2020-08-01 10:15:42.013245', '139 Mount Hwy'),
(39, '2020-09-16 04:09:56', '2020-09-19 01:38:22.860297', '1296 Beachwood Way'),
(40, '2020-08-06 06:23:11', '2020-08-06 19:53:28.461164', '2052 Mountain Lane'),
(41, '2020-06-03 17:51:10', '2020-06-05 22:47:33.382921', '2429 Rock Hill Highway'),
(42, '2020-08-09 12:45:13', '2020-08-10 06:05:06.061373', '2402 East Rockwood Pkwy'),
(43, '2020-06-23 12:16:24', '2020-07-01 10:06:47.858074', '685 Rock Hill Loop'),
(44, '2020-06-08 12:08:45', '2020-06-10 02:35:37.829457', '10 North Highland Blvd'),
(45, '2020-04-15 09:32:21', '2020-04-16 22:20:13.625313', '701 Ski Hill Drive'),
(46, '2020-07-03 19:37:31', '2020-07-09 05:33:09.002157', '2744 New Rock Hill Way'),
(47, '2020-10-29 17:06:11', '2020-11-02 10:19:02.117789', '665 SW Waterview Court'),
(48, '2020-06-23 11:37:27', '2020-06-26 00:15:40.208335', '11 Rock Hill Hwy'),
(49, '2020-10-12 15:24:33', '2020-10-16 10:41:34.526695', '802 Oak Blvd'),
(50, '2020-04-15 12:15:14', '2020-04-18 21:20:18.963805', '2035 Mountain Pkwy');

INSERT INTO categoria(idCategoria, nome) VALUES
(1, 'Fund management activities'),
(2, 'Financial management '),
(3, 'Glazing '),
(4, 'Dental practice activities'),
(5, 'Sale of other motor vehicles'),
(6, 'Manufacture of electronic instruments/appliances for measuring, testing, and navigation, except process control equipment '),
(7, 'Repair of other equipment'),
(8, 'News agency activities'),
(9, 'Business and domestic software development '),
(10, 'Manufacture of other taps and valves'),
(11, 'Manufacture of plaster products for construction purposes'),
(12, 'Manufacture of musical instruments'),
(13, 'Architectural activities '),
(14, 'Specialised cleaning services '),
(15, 'Information technology consultancy activities'),
(16, 'Manufacture of agricultural and forestry machinery (other than agricultural tractors)'),
(17, 'Manufacture of wallpaper'),
(18, 'Manufacture of paper and paperboard containers other than sacks and bags'),
(19, 'Manufacture of basic iron and steel and of ferro-alloys'),
(20, 'Extraction of crude petroleum'),
(21, 'Non-specialized wholesale of food, beverages and tobacco'),
(22, 'Cargo handling for land transport activities of division 49'),
(23, 'Letting and operating of own or leased real estate n.e.c.'),
(24, 'Landscape service activities'),
(25, 'Manufacture of soft drinks, production of mineral waters and other bottled waters'),
(26, 'Cargo handling for land transport activities of division 49'),
(27, 'Manufacture of gas'),
(28, 'Wholesale of tobacco products'),
(29, 'Funeral and related activities'),
(30, 'Retail sale of footwear in specialized stores'),
(31, 'Manufacture of cleaning and polishing preparations '),
(32, 'Manufacture of agricultural and forestry machinery (other than agricultural tractors)'),
(33, 'Other financial intermediation (not including security dealing on own account and factoring) n.e.c. '),
(34, 'Barristers at law '),
(35, 'Manufacture of other tanks, reservoirs and containers of metal'),
(36, 'Architectural activities '),
(37, 'Wholesale of meat and meat products'),
(38, 'Library activities'),
(39, 'Manufacture of light metal packaging'),
(40, 'Processing of tea and coffee'),
(41, 'Growing of grapes'),
(42, 'Tea processing '),
(43, 'Wholesale of flowers and plants'),
(44, 'Manufacture of bodies (coachwork) for motor vehicles, manufacture of trailers and semi-trailers'),
(45, 'Life reinsurance '),
(46, 'Striking of coins'),
(47, 'Support activities for crop production'),
(48, 'Manufacture of machinery for food, beverage and tobacco processing'),
(49, 'Retail sale via mail order houses or via Internet'),
(50, 'Manufacture of musical instruments');

INSERT INTO imagem(idImagem, url) VALUES
(1, 'https://orngthin.hu/te/oneaas/ingedted/toorasoul.htm'),
(2, 'http://www.ereouleratha.za/tiedwa/thehis/thiwasith/enshoarnd.php'),
(3, 'http://enndndit.fi/terereto/enforentan.php'),
(4, 'http://www.eave.es/it/stithhat.asp'),
(5, 'https://www.ereasand.it/asnewa/ithherrete.htm#732'),
(6, 'http://heerveand.org/hieve/arallnt/anerainan.php?t=25&p=8383'),
(7, 'http://www.verare.es/eretheith/aryouve/hindng/iseaoment.php?t=56'),
(8, 'http://iserateit.us/inhadar/erane.htm#4'),
(9, 'http://www.eraherouwit.be/thetiohen/nderahenfor.php'),
(10, 'https://www.vetithabut.it/wasou/heeveve/uldhi/histwasing.php?t=35&p=93'),
(11, 'http://www.hadshomeand.se/iontheti/esedhenoul.htm'),
(12, 'https://inin.eg/forverwit/nottome/his/hadouinte.asp'),
(13, 'http://www.ngallaling.net/thaerme/oulent/hisrewa/youere.htm'),
(14, 'https://arearheneve.ca/hatted/nenot.html'),
(15, 'http://www.meyou.hu/tedtoith/eaeathe/ent/foriseve.html'),
(16, 'http://esleme.mx/shohatse/henent/youareed/andng.php'),
(17, 'https://www.arstted.uk/enerent/buttione/hi/tedth.aspx?id=84'),
(18, 'https://www.enthandion.cy/oulandas/le/eveall/lehenntyou.php'),
(19, 'https://tedoulng.lv/asarehe/ereomeve/vereoual.php?t=20'),
(20, 'http://eatheteres.lu/toeveeve/era/ngsetha/tothilehen.php?t=35&p=793'),
(21, 'http://tersterahis.us/areand/heres/an/seathis.php?t=33&p=6829'),
(22, 'http://araserees.eg/wa/hat/areuldth.php'),
(23, 'https://erehen.cn/forerebut/hehadbut/esbut/aryou.asp'),
(24, 'http://butstthier.dk/theuldas/itleit.asp?id=30'),
(25, 'https://totewitbut.au/uldeaion/allas.asp'),
(26, 'https://thhinareere.cz/on/hattient/oranouryou.htm#6835'),
(27, 'https://www.orsttiofor.au/ha/ngmeted/erave/ithnttedthe.asp'),
(28, 'http://verveareou.nz/ouritng/ngngti/hadrehe/esas.php'),
(29, 'http://www.erethalenot.gr/ithhennot/for/alhere/outerorto.php'),
(30, 'http://www.ingthor.il/neingyou/ouerahat/enituld/metewasas.asp?id=959'),
(31, 'https://henforoulera.au/edtedome/esatit/youted/theonit.asp'),
(32, 'http://tetiwahe.at/waentha/orarthed.html#54'),
(33, 'https://thititiin.mx/ourtiter/aruld/eaallon/ioneveoulve.htm'),
(34, 'https://www.toststted.at/not/tiis/ed/entourwasti.php?t=30'),
(35, 'http://tonduldas.us/sho/hinter/asteteuld.aspx?id=18'),
(36, 'https://www.areen.lu/arto/hentoar.aspx'),
(37, 'https://www.eraneonand.de/tiedted/tianar/ionwa/eveityoune.php'),
(38, 'https://inhaduldera.cz/hadve/ing/enttile/ndingngour.php?t=14&p=937'),
(39, 'http://www.uldanne.cn/hatoed/anourhisre.asp?id=256'),
(40, 'http://uldalented.nl/isithere/thenera/reston/ouryouuld.aspx'),
(41, 'http://veentevefor.lu/atingto/onhi/edhaed/uldteromeve.php'),
(42, 'http://streisith.it/enwasal/me/ntoufor/notmearenot.php?t=36&p=5244'),
(43, 'https://inbuterar.hu/or/esng/arin/forall.asp'),
(44, 'https://www.teinnot.za/was/or/oulatan/hisentithto.php?t=63&p=58'),
(45, 'https://erealthahi.il/entvehis/ne/arehian.html'),
(46, 'https://foroure.dk/eses/ted/inguldall/henand.php?t=13'),
(47, 'http://www.ereforhin.be/wa/evendit/areallhi/nttedisen.php'),
(48, 'https://hathiha.uk/hadouryou/notwaswit/henisour/hisyoutersho.asp?id=490'),
(49, 'http://www.arngshoare.eg/theter/buter/hinentera/oueveasand.html'),
(50, 'http://www.ioneveit.lv/hi/heevetoour.php');

INSERT INTO pessoa(CPF, idPessoa, nome, email, senha, nivel, classificacao) VALUES
('60025354451', 'a2217681', 'Sadie Reilly','alexa85@utfpr.edu.br','202672978',0,1),
('33640892777', 'a1958346', 'Charmaine Stock', 'GabrielS.Handy@gmail.com', '6CKGOA', 1, 2),
('34081245285', 'a1958940', 'Matthew Hoffman', 'Bowie@gmail.com', 'SG8RLS', 0, 0),
('39260980014', 'a1993372', 'Jacinta Yanez', 'Adelaida_Massie768@hotmail.com', '6IX46I', 1, 0),
('34179556342', 'a1992609', 'Drew Perry', 'Gagne@gmail.com', 'R074EX', 2, 2),
('38562911824', 'a1986148', 'Kyoko Adams', 'AntwanAyres@gmail.com', 'F3VL79', 1, 1),
('33878745143', 'a6213938', 'Kiel Jacobs','thora.stracke@utfpr.edu.br','89694942',1,0),
('39852265853', 'a1968410', 'Renea Russo', 'jopbhg1309@hotmail.com', '3GK6PH', 1, 0),
('35885415628', 'a2432229', 'Nolan Crona','verona.von@utfpr.edu.br','777880939',1,2),
('34871516568', 'a1958267', 'Donita Huff', 'Armstead75@gmail.com', '69IU9B', 0, 1),
('51845461368', 'a0176210', 'Fredrick Casper','weissnat.hettie@utfpr.edu.br','511367',1,1),
('52487546512', 'a6035484', 'Eliza Dietrich','kassandra.wisozk@utfpr.edu.br','325G860',1,2),
('33771931039', 'a1966963', 'Isidra Kirchner', 'Castellanos988@hotmail.com', 'W9Z8G3', 1, 2),
('47898788987', 'a3488066', 'Edmond Sawayn','lon.bahringer@utfpr.edu.br','376330543',1,0),
('41565467158', 'a1751750', 'Gustave Bailey','xzavier56@utfpr.edu.br','722994188',1,2),
('43985561581', 'a6597396', 'Denis Paucek','art66@utfpr.edu.br','990924794',1,0),
('36553364665', 'a1982546', 'Rosendo Lunsford', 'Rickey.Gable@gmail.com', 'CLPGP0', 1, 0),
('38690174010', 'a1988016', 'Cesar Edge', 'BillieHughey@hotmail.com', 'KGTQ92', 1, 0),
('22581831415', 'a0561942', 'Chaya Romaguera','torphy.joyce@utfpr.edu.br','372801179',1,1),
('37948835420', 'a1987719', 'Paul Medeiros', 'KirkWChung@hotmail.com', '1UK772', 2, 2),
('46154568418', 'a9092436', 'Richard Stoltenberg','odessa.bins@utfpr.edu.br','36232W',1,0),
('47854165589', 'a0225494', 'Sydnie Harber','dhansen@utfpr.edu.br','371482071',1,1),
('53585641853', 'a1559449', 'Odie Adams','welch.leopoldo@utfpr.edu.br','89ABC227',1,2),
('35992966406', 'a1990396', 'Theodora Munn', 'Lerner243@hotmail.com', 'O9FWNE', 2, 2),
('36747824308', 'a1983744', 'Keenan Gatewood', 'Grayce_Cecil61@hotmail.com', 'W07NGY', 0, 2),
('39588047180', 'a1962595', 'Arlyne Wheeler', 'Morgan.K.Rhoads@hotmail.com', 'GPKFB6', 1, 1),
('39477688745', 'a1985420', 'Alysa Paulson', 'AdrianBriscoe@gmail.com', '7T7463', 2, 0),
('38197795893', 'a1978690', 'Alton Calloway', 'Stacey_Dove@hotmail.com', '6R5406', 0, 1),
('32786903569', 'a1984010', 'Arnoldo Handy', 'VirgilioDobbs@gmail.com', 'EZ3I4A', 0, 0),
('10854141325', 'a2915410', 'Amely Lowe','mary.terry@utfpr.edu.br','250011177',1,2),
('16813612388', 'a6106107', 'Mary Ondricka','jesus.schoen@utfpr.edu.br','838263266',1,1),
('20245922223', 'a9781546', 'Mafalda Schultz','helmer.schuster@utfpr.edu.br','453352213',1,2),
('21218123842', 'a7326009', 'Casimir Ullrich','reichel.verla@utfpr.edu.br','564995676',1,0),
('23484318441', 'a0563328', 'Bernardo Nader','zulauf.frances@utfpr.edu.br','4354253',1,0),
('36143339872', 'a1960296', 'Neda Mcqueen', 'iaipyd884@hotmail.com', '4J3LTM', 2, 2),
('33049501078', 'a1983554', 'Charlie Sallee', 'Frances.Stewart732@hotmail.com', '86UJU7', 1, 0),
('35340081227', 'a1988059', 'Margit Sales', 'RexEastman135@hotmail.com', 'NBVK5A', 0, 0),
('35072935091', 'a1960433', 'Louvenia Evers', 'Tobias.Stowe@hotmail.com', '0QL884', 2, 1),
('32214582154', 'a6738930', 'Ellen Schmitt','maximilian.schroeder@utfpr.edu.br','785123ABC',1,2),
('31542834451', 'a1366479', 'Marjory Konopelski','schamberger.amiya@utfpr.edu.br','815053433',1,1),
('26124861788', 'a0530761', 'Lorna Oberbrunner','catalina.schultz@utfpr.edu.br','39784TYJ93',1,1),
('31287767150', 'a1975460', 'Jospeh Story', 'Jospeh_Story@gmail.com', '2002F30', 2, 1),
('34919610802', 'a1958804', 'Winfred Ornelas', 'MendyDelagarza361@hotmail.com', 'JGKU3L', 0, 1),
('29784315563', 'a6087362', 'Anibal Schinner','lindsay81@utfpr.edu.br','887578576',1,0),
('37253821547', 'a1997693', 'Daniel Gates', 'AbelB529@gmail.com', 'D12183', 2, 1),
('32618621705', 'a1966763', 'Abraham Connolly', 'dgrup6@gmail.com', 'O39546', 0, 1),
('36383688525', 'a1970721', 'Vivien Fisk', 'Vida_Lange@hotmail.com', '3RR62H', 1, 2),
('38864095608', 'a1982839', 'Adelaida Isbell', 'Jack@gmail.com', '5GY11Z', 0, 1),
('37076348597', 'a1993969', 'Alden Fincher', 'Emory_Hillman@gmail.com', 'ABB0Y4', 0, 2),
('34877825187', 'a5197158', 'Steve Hamill','rath.cydney@utfpr.edu.br','609893204',1,1),
('35867451235', 'a1724415', 'Odessa Cremin','qmaggio@utfpr.edu.br','326887674',1,1),
('36245786172', 'a3882135', 'Nannie Abernathy','jakubowski.grace@utfpr.edu.br','22049937',1,0),
('56458641253', 'a3681104', 'Jeramy Lowe','lexi61@utfpr.edu.br','371362081',1,0),
('57485641845', 'a6619952', 'Delfina Stoltenberg','metz.destin@utfpr.edu.br','688767568',1,2),
('31257500092', 'a1985693', 'Garry Deaton', 'Lilliam_Abrams@hotmail.com', 'JP76KT', 2, 0),
('33085529131', 'a1990636', 'Janene Turney', 'BlanchBreen@hotmail.com', 'I5473C', 2, 2),
('30765394198', 'a1972168', 'Cyndi Mcmillen', 'Dionne.Richardson82@gmail.com', 'G0W4BB', 1, 1),
('18321583855', 'a8595082', 'Lora Terry','edickinson@utfpr.edu.br','248491539',1,0),
('32101910773', 'a1961850', 'Jorge Abney', 'Cara_Oneal@hotmail.com', 'P7020N', 0, 2),
('31347449283', 'a1995072', 'Terica Corley', 'Mcadams326@hotmail.com', 'U80B9Z', 1, 0),
('84214831344', 'a6240391', 'Ismael Rippin','ckoepp@utfpr.edu.br','378938399',1,0),
('85423514512', 'a5007329', 'Carlie Leuschke','brakus.lee@utfpr.edu.br','905409582',1,0),
('30827338000', 'a1965091', 'Noel Fulton', 'MelyndaPence522@gmail.com', 'AD33L5', 1, 0),
('30724652092', 'a1999670', 'Frederic Rasmussen', 'DominickCraig7@hotmail.com', 'ODA22S', 0, 1),
('30774347153', 'a1977102', 'Antoine Adams', 'AdanHaney21@hotmail.com', 'Y65OQH', 2, 0),
('88234841538', 'a4073666', 'Keanu Funk PhD','addie63@utfpr.edu.br','985157316',1,1),
('89278445135', 'a1666388', 'Helena Mueller','Mueller@utfpr.edu.br','664813600',1,0),
('91323844125', 'a4170268', 'Charlotte Conn','Charlotte44@utfpr.edu.br','962707356',1,2),
('15987097396', 'a3253867', 'Monty Reichert','effertz.Reichert@utfpr.edu.br','221888053',1,1),
('39066245018', 'a1971482', 'Denise Coyle', 'ybkewpxy.achowa@hotmail.com', 'R24064', 2, 1),
('12535585133', 'a2538633', 'Prudence Murphy','cory16@utfpr.edu.br','752790456',1,1),
('16244242531', 'a1696969', 'freddie mercury','schulist.micah@example.net','16',1, 0),
('14123450797', 'a1071302', 'Eve Beier','wjacobs@utfpr.edu.br','658483722',1,0),
('38277667974', 'a1959753', 'Stefan Acker', 'Albers@hotmail.com', '5ICJG1', 0, 1),
('71444040987', 'a2106913', 'Elenora DuBuque','veffertz@utfpr.edu.br','292687484',1,0),
('72098515243', 'a6591556', 'Ethyl Daugherty','justen70@utfpr.edu.br','741153645',1,0),
('75095132465', 'a2395318', 'Leonel Russel','anais.ferry@utfpr.edu.br','184256575',1,2),
('76025825835', 'a2451953', 'Rose Kihn','lucie93@utfpr.edu.br','715232981',1,0),
('73238441098', 'a7369967', 'Arnoldo Borer','lzboncak@utfpr.edu.br','901841898',1,0),
('34662195033', 'a1987339', 'Richard Cho', 'rhojlxoa6791@gmail.com', '0D47E5', 1, 2),
('63438541235', 'a5942698', 'Jena Kertzmann','daryl.ebert@utfpr.edu.br','460181085',1,2),
('66348754122', 'a3722693', 'Isaiah Hartmann DVM','pauline.hermiston@utfpr.edu.br','693869389',1,1),
('18871325314', 'a7688345', 'Hector Watsica','donnell51@utfpr.edu.br','938599063',1,0),
('32504996195', 'a1955637', 'Gary Legg', 'Lord_Matson18@hotmail.com', 'MT2G97', 1, 0),
('13525252224', 'a9100138', 'Donato Welch','deja.dicki@utfpr.edu.br','290143262',1,1),
('62434551281', 'a2603622', 'Makenzie Osinski','padberg.arely@utfpr.edu.br','434495248',1,2),
('67374451234', 'a4222707', 'Rosie Fahey','cathryn.kshlerin@utfpr.edu.br','838986691',1,1),
('69243554564', 'a2663187', 'Ova Rogahn','obechtelar@utfpr.edu.br','907018183',1,2),
('78451565315', 'a4678703', 'Sofia Breitenberg','qkerluke@utfpr.edu.br','903180743',1,2),
('77738968451', 'a8145083', 'Johnnie Kozey','wrussel@utfpr.edu.br','518536437',1,1),
('78841134841', 'a4868926', 'Nedra Wilderman','lindgren.orland@utfpr.edu.br','195032881',1,0),
('48458641838', 'a0798485', 'Ezekiel Collins','dwolff@utfpr.edu.br','91188638',1,1),
('49485964156', 'a8953875', 'Muriel Hermiston Sr.','lubowitz.adelia@utfpr.edu.br','902068361',1,0),
('30163620952', 'a1990713', 'Mariko Warfield', 'CletusFryer494@hotmail.com', 'FEJF7Y', 0, 0),
('94458461282', 'a9962663', 'Alana Kilback','qnitzsche@utfpr.edu.br','946434820',1,2),
('95123128042', 'a0658969', 'Aliyah Prohaska','legros.arvel@utfpr.edu.br','770619124',1,0),
('38787654568', 'a4139681', 'Cara Gibson','schaden.forest@utfpr.edu.br','138601658',1,2),
('39788716878', 'a0486608', 'Blanche Collier','zauer@utfpr.edu.br','784829361',1,2),
('44137566892', 'a9547842', 'Miss Pascale Schuppe PhD','mernser@utfpr.edu.br','944916481',1,2),
('45548417685', 'a1413593', 'Gavin Hahn','kali.howe@utfpr.edu.br','436506210',1,0),
('54185461952', 'a7870853', 'Skylar Casper','lucinda.turcotte@utfpr.edu.br','311126405',1,0),
('58454162513', 'a7862714', 'Quentin Bechtelar','bridget.weber@utfpr.edu.br','623272996',1,2),
('50554864518', 'a7527576', 'Evans Hyatt','glubowitz@utfpr.edu.br','584591018',1,2),
('25138526424', 'a0948075', 'Shanna Bauch','Shanna.Bauch@utfpr.edu.br','719467723',1,2),
('27881478554', 'a6093916', 'Presley Mosciski','aleen07@utfpr.edu.br','734111934',1,1),
('28442315563', 'a8236063', 'Jess Keebler','apouros@utfpr.edu.br','394781315',1,0),
('30548344132', 'a8781963', 'Emanuel Bergnaum','odonnelly@utfpr.edu.br','251065259',1,1),
('37612385879', 'a6069774', 'Nils Treutel','lhettinger@utfpr.edu.br','790173570',1,0),
('59455186342', 'a8347477', 'Crystal Mosciski','alanis92@utfpr.edu.br','714810066',1,0),
('68435411845', 'a4912498', 'Mara Murray','gia.hegmann@utfpr.edu.br','571824508',1,0),
('97587461223', 'a2412510', 'Kody Spinka','schmeler.kassandra@utfpr.edu.br','419941062',1,2),
('98128435443', 'a4281583', 'Larissa Boyle','dietrich.augusta@utfpr.edu.br','774602673',1,2),
('81483451223', 'a1864155', 'Elinore Wolf','Wolf.E@utfpr.edu.br','833222775',1,1),
('70458541315', 'a9979892', 'Hilario Gislason','mjast@utfpr.edu.br','868320485',1,0),
('74457409753', 'a8920784', 'Jeffery Bradtke','fkonopelski@utfpr.edu.br','906884210',1,0),
('86245243235', 'a7437514', 'Berry Trantow','qtowne@utfpr.edu.br','936674470',1,1),
('87344122348', 'a2682266', 'Erika Gorczany','coty.smitham@utfpr.edu.br','325968909',1,0),
('82156413828', 'a9226530', 'Ava Feest','esperanza03@utfpr.edu.br','453127864',1,2),
('55458645183', 'a3873843', 'Aurore Ledner','lavinia79@utfpr.edu.br','257756862',1,1),
('58585541667', 'a7128220', 'Laila Jakubowski','clare.kub@utfpr.edu.br','104577022',1,1),
('83124831586', 'a3845283', 'Fanny Gulgowski','audreanne.stokes@utfpr.edu.br','882923989',1,0),
('64384451238', 'a9941102', 'Jaden Russel','otho.mueller@utfpr.edu.br','364388671',1,0),
('65348541834', 'a0681134', 'Odell Goodwin','opredovic@utfpr.edu.br','920156491',1,1),
('17482143234', 'a5639301', 'Allene Powlowski','rogahn.nelson@utfpr.edu.br','243941061',1,1),
('12824255342', 'a7521922', 'Davin Rowe','brooke14@utfpr.edu.br','188283888',1,2),
('32866496508', 'a1967375', 'Alfonzo Michel', 'Huerta449@hotmail.com', 'W186M3', 0, 1),
('61365258415', 'a6737904', 'Sage Schuster','kailey.mcdermott@utfpr.edu.br','217505314',1,1),
('61384451074', 'a4539207', 'Leif Nitzsche','pearlie.schowalter@utfpr.edu.br','799962192',1,2),
('33292661983', 'a1952863', 'Ginny Acker', 'vpfybyif2589@hotmail.com', 'O49J63', 2, 2),
('40789787897', 'a8303917', 'Gene Amore','kklocko@utfpr.edu.br','669415665',1,2),
('79586123544', 'a4897428', 'Murl Schaden','euna.russel@utfpr.edu.br','187389822',1,1),
('84584351234', 'a2063268', 'Norberto Wiza','morissette.ayden@utfpr.edu.br','895994568',1,1),
('96485153481', 'a4047198', 'Dedrick Flatley','sbalistreri@utfpr.edu.br','126076485',1,2),
('22619292342', 'a1796608', 'Bethany Beer','angelo.runte@utfpr.edu.br','384782635',1,0),
('30196530766', 'a1978525', 'Alethia Capps', 'SammyLim87@hotmail.com', 'ZT854J', 1, 2),
('32416400536', 'a1964252', 'Adolph Starr', 'BlakePBivins@hotmail.com', '2025MG', 2, 0),
('35705099333', 'a1980610', 'April Calabrese', 'Willingham@hotmail.com', 'JD365G', 0, 1),
('11645143412', 'a9041886', 'Gaylord Lind','junius64@utfpr.edu.br','260048453',1,0),
('31144959656', 'a1963777', 'Reagan Cousins', 'bidmwz3065@hotmail.com', '14D8O9', 1, 1),
('80844512233', 'a0858922', 'Eugene Kuvalis','rodriguez.deondre@utfpr.edu.br','404046552',1,0),
('90327414850', 'a7598040', 'Dejah Daniel','stefan55@utfpr.edu.br','115174965',1,2),
('91234414385', 'a5039916', 'Itzel Botsford','flossie60@utfpr.edu.br','611207585',1,2),
('92234154268', 'a4594789', 'Ambrose Streich','jstokes@utfpr.edu.br','588893340',1,2),
('93123809815', 'a6082408', 'Valentine Treutel','noel.lueilwitz@utfpr.edu.br','934909632',1,0),
('33990502814', 'a1992534', 'Diana Archibald', 'Boehm248@hotmail.com', 'UD909Z', 0, 2),
('33256139627', 'a1975565', 'Lakisha Betancourt', 'YolandaRidley253@gmail.com', 'HT7MB6', 0, 1),
('39517389244', 'a1964924', 'Charlena Rasmussen', 'wmgu1298@gmail.com', '2DAMBE', 1, 2),
('42598677123', 'a5311325', 'Fanny Stiedemann','gmills@utfpr.edu.br','343609292',1,2),
('17535113253', 'a8010408', 'Professor Xavier','purdy.delphine@example.net','17',0, 2),
('24148314553', 'a7763593', 'Jaqueline Jakubowski','justice22@utfpr.edu.br','71958863',1,0),
('99213385212', 'a5572282', 'Cassie Nader','hgerlach@utfpr.edu.br','612244088',1,2);

INSERT INTO organizacao(idEvento,CPF,horasParticipacao) VALUES 
(1,'31613578205',"09:25:46"), (2,'35400226628',"10:25:46"), (3,'94710842785',"00:22:24"),
(4,'60040097812',"12:23:21"), (5,'12287777993',"12:23:21"), (6,'86043404138',"12:23:21"),
(7,'25518274779',"12:23:21"), (8,'39291151884',"13:45:23"), (9,'68996678851',"21:32:12"),
(10,'59907791044',"22:45:23"), (11,'22207115857',"09:45:23"), (12,'68082994956',"43:23:39"),
(13,'26263357066',"17:45:59"), (14,'68218824814',"22:21:22"), (15,'30885556849',"16:21:21"),
(16,'89777785037',"19:49:22"), (17,'31447559508',"16:11:56"), (18,'45210465886',"08:45:23"),
(19,'62525546411',"03:34:21"), (20,'79216092295',"11:23:21");

INSERT INTO evento(idEvento, nome, descricao, status, idAgenda) VALUES
(1, 'Extraction and agglomeration of peat', 'extraction of oils from pets', 1, 1),
(2, 'Raising of poultry', 'bird breeding tips', 1, 2),
(3, 'Wholesale of waste and scrap', 'Wholesale of waste and scrap', 0, 3),
(4, 'Manufacture of explosives', 'how to blow up mountains to find gold', 1, 4),
(5, 'Fitness facilities', 'install machine muscles in your body', 0, 5),
(6, 'Wired telecommunications activities', 'how to communicate only with a transmission medium', 0, 6),
(7, 'Other specialist photography (not including portrait photography)', 'photos with smartphone', 0, 7),
(8, 'Growing of other non-peral crops', 'different cultures', 1, 8),
(9, 'Growing of cereals (except rice), leguminous crops and oil seeds', 'How to grow some types of cereals', 0, 9),
(10, 'Agents involved in the sale of fuels, ores, metals and industrial chemicals', 'How to sell chemicals', 0, 10),
(11, 'bed tester', 'bed tester development project', 1, 1),
(12, 'bear caregiver', 'project to take care of the bears in Brazil', 1, 2),
(13, 'cereal planter', 'event for cereal production in England', 0, 3),
(14, 'Manufacture of explosives', 'how to making explosives', 1, 4),
(15, 'Fitness foods', 'how to control the feeding', 0, 5),
(16, 'dog testers', 'project with the goal of testing puppies', 0, 6),
(17, 'night maker', 'creating screws', 0, 7),
(18, 'ignorant of movies', 'learning about cinema in the 21st century', 1, 8),
(19, 'ignorant of vegetables ', 'event to improve food', 0, 9),
(20, 'league of legends player', 'development of Lolzinho players', 0, 10);

INSERT INTO inscricaoEvento(CPF, idEvento, dataInscricao) VALUES
('31144959656', 14, '2020-07-13'),
('31144959656', 6, '2020-07-13'),
('36553364665', 8, '2020-07-30'),
('33049501078', 9, '2020-07-06'),
('34179556342', 15, '2020-05-19'),
('37076348597', 12, '2020-08-05'),
('39517389244', 9, '2020-05-11'),
('32416400536', 10, '2020-09-15'),
('33990502814', 5, '2020-04-22'),
('35705099333', 3, '2020-04-23'),
('34919610802', 1, '2020-09-10'),
('36747824308', 10, '2020-07-29'),
('35340081227', 14, '2020-10-06'),
('32866496508', 1, '2020-10-26'),
('39588047180', 15, '2020-09-01'),
('35072935091', 5, '2020-08-19'),
('33256139627', 4, '2020-06-23'),
('39477688745', 7, '2020-06-17'),
('39066245018', 8, '2020-06-22'),
('33292661983', 12, '2020-04-23'),
('36143339872', 15, '2020-07-03'),
('31257500092', 3, '2020-05-19'),
('38277667974', 9, '2020-07-01'),
('38690174010', 9, '2020-08-28'),
('38197795893', 15, '2020-07-06'),
('38562911824', 3, '2020-08-14'),
('37948835420', 6, '2020-04-23'),
('37253821547', 3, '2020-04-16'),
('33085529131', 1, '2020-07-10'),
('32618621705', 7, '2020-04-27'),
('31287767150', 3, '2020-04-16'),
('30196530766', 15, '2020-10-25'),
('39852265853', 12, '2020-07-21'),
('30765394198', 9, '2020-04-15'),
('34662195033', 5, '2020-09-15'),
('36383688525', 8, '2020-07-01'),
('32101910773', 3, '2020-04-22'),
('32786903569', 14, '2020-08-20'),
('35992966406', 15, '2020-06-03'),
('33640892777', 15, '2020-04-29'),
('30827338000', 3, '2020-04-17'),
('32504996195', 3, '2020-07-16'),
('38864095608', 12, '2020-10-10'),
('31347449283', 12, '2020-04-16'),
('33771931039', 14, '2020-05-11'),
('30724652092', 9, '2020-06-03'),
('30163620952', 4, '2020-07-11'),
('30774347153', 15, '2020-06-23'),
('34081245285', 2, '2020-11-04'),
('34871516568', 7, '2020-04-17'),
('39260980014', 3, '2020-10-12'),
('84214831344', 1, '2020-07-11'),
('60025354451', 1, '2020-07-10'),
('51845461368', 2, '2020-11-04'),
('52487546512', 3, '2020-10-12'),
('47898788987', 4, '2020-06-23'),
('41565467158', 5, '2020-08-19'),
('43985561581', 6, '2020-04-23'),
('22581831415', 7, '2020-04-17'),
('46154568418', 8, '2020-07-01'),
('47854165589', 9, '2020-07-01'),
('53585641853', 10, '2020-07-29'),
('99213385212', 10, '2020-07-29'),
('24148314553', 10, '2020-07-29'),
('17535113253', 10, '2020-07-29'),
('42598677123', 10, '2020-07-29'),
('10854141325', 11, '2020-07-11'),
('16813612388', 12, '2020-04-16'),
('20245922223', 13, '2020-07-13'),
('93123809815', 13, '2020-07-13'),
('92234154268', 13, '2020-07-13'),
('91234414385', 13, '2020-07-13'),
('21218123842', 14, '2020-05-11'),
('23484318441', 15, '2020-04-29'),
('26124861788', 16, '2020-11-04'),
('29784315563', 17, '2020-04-17'),
('56458641253', 18, '2020-04-23'),
('57485641845', 19, '2020-04-17'),
('18321583855', 20, '2020-11-07');

INSERT INTO atividade(idAtividade, titulo, valor, descricao, horasParticipacao, quantidadeVagas, idCategoria, idEvento) VALUES
(1, 'Cpl', 132, 'Vel accusantium perspiciatis.\r\n', '18:30:13', 38, 1, 1),
(2, 'Gov', 126, 'Sit deserunt perferendis.\r\n', '00:01:01', 16, 2, 2),
(3, 'Esq', 45, 'Sed quas et quidem cum sit sed.', '00:00:45', 36, 3, 3),
(4, 'Capt.', 8, 'Aspernatur quidem natus quia.', '02:28:20', 22, 4, 4),
(5, 'Adv', 136, 'Inventore at voluptatem. Rerum.', '00:00:01', 15, 5, 5),
(6, 'Rev.', 18, 'Qui eum nisi eius id.', '18:42:10', 32, 6, 6),
(7, 'Br', 69, 'Non nam quo. Animi atque.\r\n', '07:15:35', 32, 7, 7),
(8, 'Fr.', 124, 'Doloribus sit labore.\r\nSint.', '15:23:11', 5, 8, 8),
(9, 'Treas.', 102, 'Perspiciatis ea dolorem.\r\n', '15:26:31', 6, 9, 9),
(10, 'Pvt', 12, 'Omnis doloremque odio. Animi.\r\n', '11:08:37', 38, 10, 10),
(11, 'Aprosonrex', 21, 'Cpl', '01:21:45', 33, 7, 5),
(12, 'Innochloridedene', 42, 'Lord', '00:30:06', 11, 28, 1),
(13, 'Neugozyl', 43, 'Fr.', '00:30:08', 26, 27, 6),
(14, 'Chlorperalat', 39, 'Madam', '01:01:39', 17, 45, 7),
(15, 'Dynasivex', 30, 'Brgdr', '00:30:00', 10, 1, 8),
(16, 'Acohydroino', 35, 'Lord', '02:32:47', 32, 28, 9),
(17, 'Tenobutamtec', 31, 'Br', '01:24:09', 17, 21, 7),
(18, 'Oxioxedex', 35, 'Sr', '01:48:36', 25, 23, 6),
(19, 'Adioxevant', 16, 'Supt.', '02:46:32', 6, 42, 2),
(20, 'Mykochloridevant', 21, 'Msgr', '00:51:21', 23, 11, 12),
(21, 'Fibradipivant', 35, 'Esq', '01:40:44', 0, 4, 11),
(22, 'Micoclodine', 32, 'Gov', '00:44:53', 20, 37, 9),
(23, 'Aconapin', 20, 'Lady', '01:06:20', 2, 8, 3),
(24, 'Parahydrotex', 47, 'Hon', '01:11:38', 2, 21, 8),
(25, 'Allerpaino', 15, 'Maj', '00:45:24', 35, 42, 7),
(26, 'Levosonmuc', 29, 'Br', '00:42:42', 32, 3, 2),
(27, 'Candioxecept', 23, 'Atty', '02:48:23', 22, 5, 12),
(28, 'Epiclotex', 27, 'Ofc', '00:30:02', 44, 24, 8),
(29, 'Mecosilxol', 18, 'Msgr', '01:46:51', 35, 33, 12),
(30, 'Actidrone', 26, 'Cmdr', '02:53:39', 1, 33, 9),
(31, 'Isodropren', 37, 'Cmdr 2', '01:14:28', 37, 4, 1),
(32, 'Amfosoprocose', 19, 'Gov', '00:30:04', 1, 32, 8),
(33, 'Valcoperifast', 35, 'Adv', '00:30:01', 21, 22, 8),
(34, 'Protanpin', 50, 'Adv', '01:04:26', 17, 23, 1),
(35, 'Acamafen', 19, 'Lord', '00:34:10', 0, 47, 2),
(36, 'Flosipos', 30, 'Sr', '02:47:27', 36, 13, 4),
(37, 'Ecospotan', 23, 'Maj', '00:44:47', 32, 41, 3),
(38, 'Alfimaxin', 48, 'Pres', '00:30:01', 29, 40, 15),
(39, 'Zylasonmuc', 46, 'Gov', '00:39:07', 35, 37, 12),
(40, 'Rythmoxabid', 21, 'Cmdr', '02:43:28', 34, 47, 11),
(41, 'Omedrozol', 29, 'Msgr', '00:44:07', 3, 13, 2),
(42, 'Reducurzol', 18, 'Lt.Cmdr.', '01:09:39', 19, 46, 12),
(43, 'Losapuritriol', 25, 'Sec', '00:38:44', 22, 19, 11),
(44, 'Pipepapren', 23, 'Supt', '01:47:05', 36, 28, 9),
(45, 'Miraperahex', 27, 'Treas.', '00:30:53', 42, 19, 7),
(46, 'Durachloridevant', 30, 'Rep', '00:44:51', 17, 19, 8),
(47, 'Renachloridenide', 31, 'Fr', '00:38:11', 25, 4, 4),
(48, 'Ecopurimuc', 39, 'Msgr.', '00:30:06', 21, 20, 3),
(49, 'Aerocarpambid', 31, 'Adv', '01:08:05', 22, 43, 6),
(50, 'Afsitec', 33, 'Cpl', '00:31:37', 22, 1, 11),
(51, 'Aprozovant', 24, 'Dame', '02:13:19', 2, 20, 5),
(52, 'Levopafen', 29, 'Gov', '01:17:58', 41, 17, 14),
(53, 'Medrotraxel', 26, 'Pres.', '00:38:51', 9, 12, 9),
(54, 'Doxxaliq', 29, 'boro', '01:34:13', 17, 15, 3),
(55, 'Betatasine', 45, 'Rev', '01:48:10', 0, 4, 3),
(56, 'Ciclopatex', 32, 'Ofc', '02:54:27', 36, 47, 4),
(57, 'Acadipiphane', 49, 'Lady', '00:35:04', 40, 8, 8),
(58, 'Septomapin', 15, 'Rep', '02:33:34', 41, 48, 7),
(59, 'Acioxenal', 26, 'lu', '02:40:34', 4, 2, 8),
(60, 'Natadrolol', 45, 'Ofc', '01:24:42', 6, 17, 5),
(61, 'Nata', 13, 'Lu', '01:24:42', 6, 17, 13);

INSERT INTO inscricaoAtividade(CPF, idEvento, idAtividade, dataInscricao) VALUES
('33085529131', 1, 1, '2020-09-20'),
('32866496508', 1, 12, '2020-10-11'),
('34919610802', 1, 31, '2020-04-23'),
('84214831344', 1, 1, '2020-07-11'),
('84214831344', 1, 12, '2020-07-11'),
('84214831344', 1, 31, '2020-07-11'),
('60025354451', 1, 1, '2020-07-10'),
('60025354451', 1, 12, '2020-07-10'),
('60025354451', 1, 31, '2020-07-10'),
('34081245285', 2, 2, '2020-08-03'),
('34081245285', 2, 19, '2020-08-03'),
('34081245285', 2, 26, '2020-08-03'),
('34081245285', 2, 35, '2020-08-03'),
('34081245285', 2, 41, '2020-08-03'),
('51845461368', 2, 2, '2020-11-04'),
('51845461368', 2, 35, '2020-11-04'),
('35705099333', 3, 48, '2020-06-02'),
('39260980014', 3, 48,'2020-06-02'),
('39260980014', 3, 3, '2020-10-23'),
('31257500092', 3, 23, '2020-08-22'),
('31287767150', 3, 37, '2020-07-09'),
('38562911824', 3, 37, '2020-09-04'),
('30827338000', 3, 48, '2020-09-24'),
('37253821547', 3, 37, '2020-09-28'),
('32504996195', 3, 54, '2020-04-21'),
('32101910773', 3, 55, '2020-09-24'),
('52487546512', 3, 48, '2020-10-12'),
('52487546512', 3, 3, '2020-10-12'),
('52487546512', 3, 23, '2020-10-12'),
('52487546512', 3, 37, '2020-10-12'),
('52487546512', 3, 54, '2020-10-12'),
('30163620952', 4, 36, '2020-08-29'),
('30163620952', 4, 4, '2020-08-29'),
('33256139627', 4, 47, '2020-05-24'),
('33256139627', 4, 56, '2020-05-24'),
('47898788987', 4, 36, '2020-06-23'),
('47898788987', 4, 4, '2020-06-23'),
('47898788987', 4, 47, '2020-06-23'),
('47898788987', 4, 56, '2020-06-23'),
('33990502814', 5, 5, '2020-10-23'),
('33990502814', 5, 51, '2020-10-23'),
('35072935091', 5, 11, '2020-04-15'),
('35072935091', 5, 51, '2020-04-15'),
('34662195033', 5, 60, '2020-05-31'),
('41565467158', 5, 5, '2020-08-19'),
('41565467158', 5, 51, '2020-08-19'),
('41565467158', 5, 11, '2020-08-19'),
('41565467158', 5, 60, '2020-08-19'),
('37948835420', 6, 6, '2020-07-30'),
('37948835420', 6, 13, '2020-07-30'),
('37948835420', 6, 18, '2020-07-30'),
('37948835420', 6, 49, '2020-07-30'),
('31144959656', 6, 6, '2020-05-04'),
('31144959656', 6, 13, '2020-05-04'),
('31144959656', 6, 18, '2020-05-04'),
('31144959656', 6, 49, '2020-05-04'),
('43985561581', 6, 13, '2020-04-23'),
('43985561581', 6, 18, '2020-04-23'),
('34871516568', 7, 7, '2020-06-05'),
('34871516568', 7, 25, '2020-06-05'),
('32618621705', 7, 14, '2020-05-21'),
('32618621705', 7, 45, '2020-05-21'),
('39477688745', 7, 17, '2020-07-04'),
('39477688745', 7, 58, '2020-07-04'),
('22581831415', 7, 7, '2020-04-17'),
('22581831415', 7, 25, '2020-04-17'),
('22581831415', 7, 14, '2020-04-17'),
('22581831415', 7, 45, '2020-04-17'),
('22581831415', 7, 58, '2020-04-17'),
('39066245018', 8, 8, '2020-05-18'),
('39066245018', 8, 15, '2020-05-18'),
('39066245018', 8, 24, '2020-05-18'),
('39066245018', 8, 28, '2020-05-18'),
('39066245018', 8, 32, '2020-05-18'),
('39066245018', 8, 33, '2020-05-18'),
('39066245018', 8, 46, '2020-05-18'),
('39066245018', 8, 57, '2020-05-18'),
('39066245018', 8, 59, '2020-05-18'),
('36383688525', 8, 8, '2020-11-06'),
('36553364665', 8, 57, '2020-08-30'),
('46154568418', 8, 8, '2020-07-01'),
('46154568418', 8, 15, '2020-07-01'),
('46154568418', 8, 24, '2020-07-01'),
('46154568418', 8, 28, '2020-07-01'),
('30724652092', 9, 44, '2020-08-09'),
('38690174010', 9, 16, '2020-09-13'),
('38277667974', 9, 22, '2020-11-10'),
('30765394198', 9, 33, '2020-10-21'),
('33049501078', 9, 30, '2020-08-22'),
('39517389244', 9, 53, '2020-10-30'),
('47854165589', 9, 44, '2020-07-01'),
('47854165589', 9, 22, '2020-07-01'),
('47854165589', 9, 33, '2020-07-01'),
('36747824308', 10, 10, '2020-05-13'),
('32416400536', 10, 10, '2020-08-02'),
('53585641853', 10, 10, '2020-07-29'),
('99213385212', 10, 10, '2020-07-29'),
('24148314553', 10, 10, '2020-07-29'),
('17535113253', 10, 10, '2020-07-29'),
('42598677123', 10, 10, '2020-07-29'),
('10854141325', 11, 21, '2020-07-11'),
('10854141325', 11, 40, '2020-07-11'),
('10854141325', 11, 43, '2020-07-11'),
('10854141325', 11, 50, '2020-07-11'),
('33292661983', 12, 20, '2020-06-30'),
('33292661983', 12, 27, '2020-06-30'),
('38864095608', 12, 27, '2020-04-26'),
('38864095608', 12, 29, '2020-04-26'),
('31347449283', 12, 29, '2020-10-21'),
('31347449283', 12, 39, '2020-10-21'),
('37076348597', 12, 39, '2020-10-30'),
('37076348597', 12, 42, '2020-10-30'),
('39852265853', 12, 42, '2020-06-20'),
('39852265853', 12, 20, '2020-06-20'),
('16813612388', 12, 20, '2020-04-16'),
('16813612388', 12, 42, '2020-04-16'),
('16813612388', 12, 39, '2020-04-16'),
('20245922223', 13, 61, '2020-07-13'),
('93123809815', 13, 61, '2020-07-13'),
('92234154268', 13, 61, '2020-07-13'),
('91234414385', 13, 61, '2020-07-13'),
('32786903569', 14, 52, '2020-07-07'),
('33771931039', 14, 52, '2020-10-10'),
('35340081227', 14, 52, '2020-05-03'),
('31144959656', 14, 52, '2020-05-04'),
('21218123842', 14, 52, '2020-05-11'),
('34179556342', 15, 38, '2020-10-06'),
('39588047180', 15, 38, '2020-04-23'),
('36143339872', 15, 38, '2020-08-28'),
('35992966406', 15, 38, '2020-09-08'),
('30774347153', 15, 38, '2020-08-15'),
('30196530766', 15, 38, '2020-07-19'),
('33640892777', 15, 38, '2020-05-30'),
('38197795893', 15, 38, '2020-11-07'),
('23484318441', 15, 38, '2020-04-29');

INSERT INTO protagonista(CPF, idAtividade, atuacao) VALUES
('33640892777', 1, 0),
('34081245285', 2, 1),
('39260980014', 3, 1),
('34179556342', 4, 0),
('38562911824', 5, 0),
('39852265853', 6, 0),
('33771931039', 7, 1),
('34871516568', 8, 0),
('36553364665', 9, 0),
('38690174010', 10, 1),
('37948835420', 11, 0),
('35992966406', 12, 1),
('36747824308', 13, 0),
('39588047180', 14, 0),
('39477688745', 15, 1),
('38197795893', 16, 0),
('32786903569', 17, 1),
('33049501078', 18, 1),
('35340081227', 19, 1),
('35072935091', 20, 1),
('36143339872', 21, 1),
('31287767150', 22, 1),
('34919610802', 23, 1),
('37253821547', 24, 1),
('32618621705', 25, 0),
('36383688525', 26, 1),
('38864095608', 27, 1),
('37076348597', 28, 1),
('31257500092', 29, 0),
('33085529131', 30, 1),
('30765394198', 31, 0),
('32101910773', 32, 0),
('31347449283', 33, 0),
('30827338000', 34, 0),
('30724652092', 35, 1),
('30774347153', 36, 0),
('39066245018', 37, 0),
('38277667974', 38, 0),
('34662195033', 39, 1),
('32504996195', 40, 0),
('30163620952', 41, 1),
('32866496508', 42, 1),
('33292661983', 43, 1),
('30196530766', 44, 1),
('32416400536', 45, 1),
('35705099333', 46, 0),
('31144959656', 47, 1),
('33990502814', 48, 0),
('33256139627', 49, 0),
('39517389244', 50, 0),
('33640892777', 51, 0),
('34081245285', 52, 1),
('39260980014', 53, 1),
('34179556342', 54, 0),
('38562911824', 55, 0),
('39852265853', 56, 0),
('33771931039', 57, 1),
('34871516568', 58, 0),
('36553364665', 59, 0),
('38690174010', 60, 1),
('38690174010', 61, 1);

INSERT INTO receitainscricaoatividade(CPF, idEvento, idAtividade, dataPagamento) VALUES
('33085529131', 1, 1, '2020-10-11'),
('32866496508', 1, 12, '2020-10-16'),
('34919610802', 1, 31, '2020-05-23'),
('84214831344', 1, 1, '2020-09-18'),
('84214831344', 1, 12, '2020-08-01'),
('84214831344', 1, 31, '2020-08-19'),
('60025354451', 1, 1, '2020-09-10'),
('60025354451', 1, 12, '2020-09-10'),
('60025354451', 1, 31, '2020-09-10'),
('34081245285', 2, 2, '2020-08-03'),
('34081245285', 2, 19, '2020-08-03'),
('34081245285', 2, 26, '2020-08-03'),
('34081245285', 2, 35, '2020-08-03'),
('34081245285', 2, 41, '2020-08-03'),
('51845461368', 2, 2, '2020-11-06'),
('51845461368', 2, 35, '2020-11-06'),
('35705099333', 3, 48, '2020-06-04'),
('39260980014', 3, 48,'2020-06-04'),
('39260980014', 3, 3, '2020-11-23'),
('31257500092', 3, 23, '2020-09-20'),
('31287767150', 3, 37, '2020-08-10'),
('38562911824', 3, 37, '2020-10-04'),
('30827338000', 3, 48, '2020-10-24'),
('37253821547', 3, 37, '2020-10-28'),
('32504996195', 3, 54, '2020-04-29'),
('32101910773', 3, 55, '2020-09-29'),
('52487546512', 3, 48, '2020-11-12'),
('52487546512', 3, 3, '2020-11-12'),
('52487546512', 3, 23, '2020-11-12'),
('52487546512', 3, 37, '2020-11-12'),
('52487546512', 3, 54, '2020-11-12'),
('30163620952', 4, 36, '2020-09-29'),
('30163620952', 4, 4, '2020-09-29'),
('33256139627', 4, 47, '2020-06-24'),
('33256139627', 4, 56, '2020-06-24'),
('47898788987', 4, 36, '2020-06-29'),
('47898788987', 4, 4, '2020-06-29'),
('47898788987', 4, 47, '2020-06-29'),
('47898788987', 4, 56, '2020-06-29'),
('33990502814', 5, 5, '2020-10-29'),
('33990502814', 5, 51, '2020-10-29'),
('35072935091', 5, 11, '2020-04-11'),
('35072935091', 5, 51, '2020-04-11'),
('34662195033', 5, 60, '2020-05-31'),
('41565467158', 5, 5, '2020-08-19'),
('41565467158', 5, 51, '2020-08-19'),
('41565467158', 5, 11, '2020-08-19'),
('41565467158', 5, 60, '2020-08-19'),
('37948835420', 6, 6, '2020-07-30'),
('37948835420', 6, 13, '2020-07-30'),
('37948835420', 6, 18, '2020-07-30'),
('37948835420', 6, 49, '2020-07-30'),
('31144959656', 6, 6, '2020-05-04'),
('31144959656', 6, 13, '2020-05-04'),
('31144959656', 6, 18, '2020-05-04'),
('31144959656', 6, 49, '2020-05-04'),
('43985561581', 6, 13, '2020-04-23'),
('43985561581', 6, 18, '2020-04-23'),
('34871516568', 7, 7, '2020-06-05'),
('34871516568', 7, 25, '2020-06-05'),
('32618621705', 7, 14, '2020-05-21'),
('32618621705', 7, 45, '2020-05-21'),
('39477688745', 7, 17, '2020-07-04'),
('39477688745', 7, 58, '2020-07-04'),
('22581831415', 7, 7, '2020-04-17'),
('22581831415', 7, 25, '2020-04-17'),
('22581831415', 7, 14, '2020-04-17'),
('22581831415', 7, 45, '2020-04-17'),
('22581831415', 7, 58, '2020-04-17'),
('39066245018', 8, 8, '2020-05-18'),
('39066245018', 8, 15, '2020-05-18'),
('39066245018', 8, 24, '2020-05-18'),
('39066245018', 8, 28, '2020-05-18'),
('39066245018', 8, 32, '2020-05-18'),
('39066245018', 8, 33, '2020-05-18'),
('39066245018', 8, 46, '2020-05-18'),
('39066245018', 8, 57, '2020-05-18'),
('39066245018', 8, 59, '2020-05-18'),
('36383688525', 8, 8, '2020-11-06'),
('36553364665', 8, 57, '2020-08-30'),
('46154568418', 8, 8, '2020-07-01'),
('46154568418', 8, 15, '2020-07-01'),
('46154568418', 8, 24, '2020-07-01'),
('46154568418', 8, 28, '2020-07-01'),
('30724652092', 9, 44, '2020-08-09'),
('38690174010', 9, 16, '2020-09-13'),
('38277667974', 9, 22, '2020-11-10'),
('30765394198', 9, 33, '2020-10-21'),
('33049501078', 9, 30, '2020-08-22'),
('39517389244', 9, 53, '2020-10-30'),
('47854165589', 9, 44, '2020-07-01'),
('47854165589', 9, 22, '2020-07-01'),
('47854165589', 9, 33, '2020-07-01'),
('36747824308', 10, 10, '2020-05-13'),
('32416400536', 10, 10, '2020-08-02'),
('53585641853', 10, 10, '2020-07-29'),
('99213385212', 10, 10, '2020-07-29'),
('24148314553', 10, 10, '2020-07-29'),
('17535113253', 10, 10, '2020-07-29'),
('42598677123', 10, 10, '2020-07-29'),
('10854141325', 11, 21, '2020-07-11'),
('10854141325', 11, 40, '2020-07-11'),
('10854141325', 11, 43, '2020-07-11'),
('10854141325', 11, 50, '2020-07-11'),
('33292661983', 12, 20, '2020-06-30'),
('33292661983', 12, 27, '2020-06-30'),
('38864095608', 12, 27, '2020-04-26'),
('38864095608', 12, 29, '2020-04-26'),
('31347449283', 12, 29, '2020-10-21'),
('31347449283', 12, 39, '2020-10-21'),
('37076348597', 12, 39, '2020-10-30'),
('37076348597', 12, 42, '2020-10-30'),
('39852265853', 12, 42, '2020-06-20'),
('39852265853', 12, 20, '2020-06-20'),
('16813612388', 12, 20, '2020-04-16'),
('16813612388', 12, 42, '2020-04-16'),
('16813612388', 12, 39, '2020-04-16'),
('20245922223', 13, 61, '2020-07-13'),
('93123809815', 13, 61, '2020-07-13'),
('92234154268', 13, 61, '2020-07-13'),
('91234414385', 13, 61, '2020-07-13'),
('32786903569', 14, 52, '2020-07-07'),
('33771931039', 14, 52, '2020-10-10'),
('35340081227', 14, 52, '2020-05-03'),
('31144959656', 14, 52, '2020-05-04'),
('21218123842', 14, 52, '2020-05-11'),
('34179556342', 15, 38, '2020-10-06'),
('39588047180', 15, 38, '2020-04-23'),
('36143339872', 15, 38, '2020-08-28'),
('35992966406', 15, 38, '2020-09-08'),
('30774347153', 15, 38, '2020-08-15'),
('30196530766', 15, 38, '2020-07-19'),
('33640892777', 15, 38, '2020-05-30'),
('38197795893', 15, 38, '2020-11-07'),
('23484318441', 15, 38, '2020-04-29');

INSERT INTO agendamentoAtividade(idAtividade, idAgenda) VALUES
(1, 1), (2, 2), (3, 3), (4, 4), (5, 5), (6, 6), (7, 7), (8, 8), (9, 9), (10, 10),
(11, 11), (12, 12), (13, 13), (14, 14), (15, 15), (16, 16), (17, 17), (18, 18), (19, 19), (20, 20),
(21, 21), (22, 22), (23, 23), (24, 24), (25, 25), (26, 26), (27, 27), (28, 28), (29, 29), (30, 30),
(31, 31), (32, 32), (33, 33), (34, 34), (35, 35), (36, 36), (37, 37), (38, 38), (39, 39), (40, 40),
(41, 41), (42, 42), (43, 43), (44, 44), (45, 45), (46, 46), (47, 47), (48, 48), (49, 49), (50, 50);

INSERT INTO carrossel(idCarrossel, status, idImagem) VALUES
(1, 1, 46), (2, 0, 44), (3, 0, 26), (4, 0, 33), (5, 1, 28),
(6, 1, 5), (7, 0, 23), (8, 0, 35), (9, 1, 46), (10, 1, 32),
(11, 1, 39), (12, 1, 13), (13, 1, 8), (14, 0, 28), (15, 1, 7),
(16, 0, 23), (17, 1, 47), (18, 1, 26), (19, 0, 32), (20, 1, 38),
(21, 1, 49), (22, 1, 28), (23, 1, 37), (24, 1, 13), (25, 0, 32),
(26, 1, 25), (27, 1, 49), (28, 0, 6), (29, 0, 4), (30, 1, 6),
(31, 0, 20), (32, 1, 1), (33, 0, 44), (34, 1, 12), (35, 0, 4),
(36, 1, 37), (37, 0, 45), (38, 1, 4), (39, 0, 31), (40, 1, 20),
(41, 1, 44), (42, 0, 1), (43, 1, 27), (44, 1, 40), (45, 0, 37),
(46, 0, 31), (47, 1, 25), (48, 1, 14), (49, 1, 36), (50, 0, 12);

INSERT INTO despesa(idDespesa, descricao, valor, dataDespesa, idEvento) VALUES
(1, 'Antaridge', 33, '2020-09-21', 1),
(2, 'Monwoofridge', 76, '2020-07-05', 3),
(3, 'Chartoplet', 52, '2020-08-19', 4),
(4, 'Prolifiar', 58, '2020-07-10', 5),
(5, 'Recordicphone', 78, '2020-07-07', 6),
(6, 'Contopexor', 28, '2020-05-13', 7),
(7, 'Monoholdphone', 58, '2020-08-25', 8),
(8, 'Bijectentor', 17, '2020-04-18', 11),
(9, 'Probandeflet', 63, '2020-09-19', 12),
(10, 'Tabcordefscope', 62, '2020-10-25', 2),
(11, 'Comtectar', 71, '2020-07-03', 3),
(12, 'Tabniepra', 76, '2020-09-14', 4),
(13, 'Reholdepscope', 50, '2020-06-22', 5),
(14, 'Mictellewor', 57, '2020-06-04', 11),
(15, 'Printculon', 55, '2020-04-23', 15),
(16, 'Ampcordletra', 79, '2020-05-03', 13),
(17, 'Subbandridge', 20, '2020-09-02', 2),
(18, 'Charcesseder', 68, '2020-07-19', 1),
(19, 'Readleinridge', 26, '2020-07-14', 4),
(20, 'Cartnieper', 34, '2020-05-22', 8),
(21, 'Ampcordimor', 44, '2020-05-11', 9),
(22, 'Stereomuterphone', 67, '2020-09-29', 7);

INSERT INTO eventoimagem(idEvento, idImagem) VALUES
(1, 47),
(2, 9),
(3, 18),
(4, 4),
(4, 28),
(5, 50),
(7, 45),
(8, 48),
(9, 46),
(10, 23),
(11, 13),
(12, 19),
(13, 42),
(14, 14),
(15, 20),
(16, 49),
(15, 15),
(17, 37),
(18, 43),
(19, 21),
(20, 29);

INSERT INTO lote(idLote, valor, dataAbertura, dataFechamento, idEvento) VALUES
(1, 25, '2020-04-23', '2020-04-25', 1),
(2, 15, '2020-07-05', '2020-07-09', 2),
(3, 25, '2020-04-21', '2020-04-24', 3),
(4, 18, '2020-06-28', '2020-06-30', 4),
(5, 19, '2020-05-19', '2020-05-23', 5),
(6, 34, '2020-04-18', '2020-04-22', 6),
(7, 37, '2020-07-14', '2020-07-17', 7),
(8, 24, '2020-09-06', '2020-09-10', 8),
(9, 23, '2020-08-29', '2020-09-01', 9),
(10, 47, '2020-10-19', '2020-10-23', 10),
(11, 22, '2020-07-25', '2020-07-27', 11),
(12, 37, '2020-08-30', '2020-09-02', 12),
(13, 31, '2020-10-11', '2020-10-13', 13),
(14, 24, '2020-10-09', '2020-10-13', 14),
(15, 35, '2020-06-11', '2020-06-15', 15),
(16, 20, '2020-11-08', '2020-11-11', 16),
(17, 22, '2020-10-06', '2020-10-08', 17),
(18, 47, '2020-04-21', '2020-04-25', 18),
(19, 28, '2020-11-12', '2020-11-14', 19),
(20, 46, '2020-09-14', '2020-09-18', 20);

INSERT INTO participaAtividade(CPF, idEvento, idAtividade, presenca) VALUES
('33085529131', 1, 1, 0),
('32866496508', 1, 12, 1),
('34919610802', 1, 31, 0),
('84214831344', 1, 1, 1),
('84214831344', 1, 12,0),
('84214831344', 1, 31, 1),
('60025354451', 1, 1, 0),
('60025354451', 1, 12,1),
('60025354451', 1, 31, 0),
('34081245285', 2, 2, 1),
('34081245285', 2, 19, 0),
('34081245285', 2, 26, 1),
('34081245285', 2, 35, 0),
('34081245285', 2, 41, 1),
('51845461368', 2, 2, 0),
('51845461368', 2, 35, 1),
('35705099333', 3, 48, 0),
('39260980014', 3, 48,1),
('39260980014', 3, 3, 0),
('31257500092', 3, 23, 1),
('31287767150', 3, 37, 0),
('38562911824', 3, 37, 1),
('30827338000', 3, 48, 0),
('37253821547', 3, 37, 1),
('32504996195', 3, 54, 0),
('32101910773', 3, 55, 1),
('52487546512', 3, 48, 0),
('52487546512', 3, 3, 1),
('52487546512', 3, 23, 0),
('52487546512', 3, 37, 1),
('52487546512', 3, 54, 0),
('30163620952', 4, 36, 1),
('30163620952', 4, 4, 0),
('33256139627', 4, 47, 1),
('33256139627', 4, 56, 0),
('47898788987', 4, 36, 1),
('47898788987', 4, 4, 0),
('47898788987', 4, 47, 1),
('47898788987', 4, 56, 0),
('33990502814', 5, 5, 1),
('33990502814', 5, 51, 0),
('35072935091', 5, 11, 1),
('35072935091', 5, 51, 0),
('34662195033', 5, 60, 1),
('41565467158', 5, 5, 0),
('41565467158', 5, 51, 1),
('41565467158', 5, 11, 0),
('41565467158', 5, 60, 1),
('37948835420', 6, 6, 1),
('37948835420', 6, 13, 1),
('37948835420', 6, 18, 0),
('37948835420', 6, 49, 1),
('31144959656', 6, 6, 0),
('31144959656', 6, 13, 1),
('31144959656', 6, 18, 0),
('31144959656', 6, 49, 1),
('43985561581', 6, 13, 0),
('43985561581', 6, 18, 1),
('34871516568', 7, 7, 0),
('34871516568', 7, 25, 1),
('32618621705', 7, 14, 0),
('32618621705', 7, 45, 1),
('39477688745', 7, 17, 0),
('39477688745', 7, 58, 1),
('22581831415', 7, 7, 0),
('22581831415', 7, 25, 1),
('22581831415', 7, 14, 0),
('22581831415', 7, 45, 1),
('22581831415', 7, 58, 0),
('39066245018', 8, 8, 1),
('39066245018', 8, 15, 0),
('39066245018', 8, 24,1),
('39066245018', 8, 28, 0),
('39066245018', 8, 32, 1),
('39066245018', 8, 33, 0),
('39066245018', 8, 46, 1),
('39066245018', 8, 57, 1),
('39066245018', 8, 59, 1),
('36383688525', 8, 8, 1),
('36553364665', 8, 57, 1),
('46154568418', 8, 8, 0),
('46154568418', 8, 15, 0),
('46154568418', 8, 24, 1),
('46154568418', 8, 28, 0),
('30724652092', 9, 44, 1),
('38690174010', 9, 16, 0),
('38277667974', 9, 22, 0),
('30765394198', 9, 33, 1),
('33049501078', 9, 30, 1),
('39517389244', 9, 53, 1),
('47854165589', 9, 44, 0),
('47854165589', 9, 22, 1),
('47854165589', 9, 33, 1),
('36747824308', 10, 10, 0),
('32416400536', 10, 10, 1),
('53585641853', 10, 10, 0),
('99213385212', 10, 10, 1),
('24148314553', 10, 10, 0),
('17535113253', 10, 10, 1),
('42598677123', 10, 10, 0),
('10854141325', 11, 21, 1),
('10854141325', 11, 40, 0),
('10854141325', 11, 43, 1),
('10854141325', 11, 50, 0),
('33292661983', 12, 20, 1),
('33292661983', 12, 27, 0),
('38864095608', 12, 27, 1),
('38864095608', 12, 29, 0),
('31347449283', 12, 29, 1),
('31347449283', 12, 39, 0),
('37076348597', 12, 39, 1),
('37076348597', 12, 42, 0),
('39852265853', 12, 42, 1),
('39852265853', 12, 20, 0),
('16813612388', 12, 20, 1),
('16813612388', 12, 42, 0),
('16813612388', 12, 39, 1),
('20245922223', 13, 61, 0),
('93123809815', 13, 61, 1),
('92234154268', 13, 61, 1),
('91234414385', 13, 61, 1),
('32786903569', 14, 52, 0),
('33771931039', 14, 52, 1),
('35340081227', 14, 52, 0),
('31144959656', 14, 52, 1),
('21218123842', 14, 52, 0),
('34179556342', 15, 38, 1),
('39588047180', 15, 38, 0),
('36143339872', 15, 38, 1),
('35992966406', 15, 38, 0),
('30774347153', 15, 38, 1),
('30196530766', 15, 38, 0),
('33640892777', 15, 38, 1),
('38197795893', 15, 38, 0),
('23484318441', 15, 38, 1);

INSERT INTO receita(idReceita, descricao, valor, dataReceita, idEvento) VALUES
(1, 'Manufacture of other products of wood', 90, '2020-06-30', 1),
(2, 'Manufacture of rubber tyres and tubes', 108, '2020-07-18', 2),
(3, 'Wholesale of solid, liquid and gaseous fuels and related products', 256, '2020-07-19', 3),
(4, 'Growing of tobacco', 130, '2020-04-06', 4),
(5, 'Manufacture of ovens, furnaces and furnace burners', 126, '2020-09-10', 5),
(6, 'Distilling, rectifying and blending of spirits', 199, '2020-05-30', 6),
(7, 'Collection of hazardous waste', 107, '2020-10-14', 7),
(8, 'Growing of other non-perennial crops', 109, '2020-04-08', 8),
(9, 'Printing', 112, '2020-08-20', 2),
(10, 'Activities of extraterritorial organizations and bodies', 252, '2020-07-28', 9),
(11, 'Growing of grapes', 117, '2020-04-09', 10),
(12, 'Activities of extraterritorial organizations and bodies', 129, '2020-04-02', 11),
(13, 'Manufacture of other special-purpose machinery', 177, '2020-06-06', 12),
(14, 'Repair of other equipment', 133, '2020-09-13', 13),
(15, 'Other human health activities', 148, '2020-10-21', 14),
(16, 'Sea and coastal passenger water transport', 240, '2020-08-17', 15),
(17, 'Landscape care and maintenance service activities', 89, '2020-04-01', 16),
(18, 'Defence activities', 188, '2020-04-06', 17),
(19, 'Manufacture of engines and turbines, except aircraft, vehicle and cycle engines', 70, '2020-11-14', 18),
(20, 'Manufacture of cutlery, hand tools and general hardware', 221, '2020-10-29', 19),
(21, 'Activities of collection agencies and credit bureaus', 53, '2020-10-25', 20);

INSERT INTO receitainscricaoevento(CPF, idEvento, dataPagamento) VALUES
('39260980014', 3, '2020-06-09'),
('30163620952', 4, '2020-11-12'),
('36553364665', 8, '2020-09-23'),
('35072935091', 5, '2020-09-13'),
('34871516568', 7, '2020-04-16'),
('37948835420', 6, '2020-08-16'),
('30774347153', 15, '2020-08-28'),
('31257500092', 3, '2020-09-13'),
('39852265853', 12, '2020-09-29'),
('33256139627', 4, '2020-04-30'),
('37253821547', 3, '2020-07-31'),
('30827338000', 3, '2020-08-31'),
('38277667974', 9, '2020-05-10'),
('30724652092', 9, '2020-08-06'),
('33990502814', 5, '2020-05-30'),
('34081245285', 2, '2020-05-13'),
('39477688745', 7, '2020-07-22'),
('36383688525', 8, '2020-11-06'),
('35340081227', 14, '2020-07-20'),
('33049501078', 9, '2020-04-21'),
('30765394198', 9, '2020-05-30'),
('39066245018', 8, '2020-10-28'),
('33085529131', 1, '2020-04-22'),
('35705099333', 3, '2020-04-18'),
('38690174010', 9, '2020-07-23'),
('32504996195', 3, '2020-04-15'),
('32618621705', 7, '2020-10-12'),
('38197795893', 15, '2020-06-17'),
('32866496508', 1, '2020-10-31'),
('32101910773', 3, '2020-06-24'),
('33292661983', 12, '2020-07-17'),
('38864095608', 12, '2020-05-20'),
('39588047180', 15, '2020-07-29'),
('36143339872', 15, '2020-09-22'),
('32786903569', 14, '2020-04-23'),
('31287767150', 3, '2020-08-08'),
('34179556342', 15, '2020-06-01'),
('34919610802', 1, '2020-07-07'),
('37076348597', 12, '2020-08-13'),
('31347449283', 12, '2020-10-06'),
('36747824308', 10, '2020-08-22'),
('38562911824', 3, '2020-08-27'),
('35992966406', 15, '2020-10-13'),
('30196530766', 15, '2020-06-02'),
('39517389244', 9, '2020-04-26'),
('31144959656', 14, '2020-04-24'),
('32416400536', 10, '2020-06-05'),
('33771931039', 14, '2020-05-13'),
('33640892777', 15, '2020-10-29'),
('34662195033', 5, '2020-10-24');